{"schemaVersion":"1.0","appDefinitionTemplate":{"id":"/providers/Microsoft.PowerApps/apps/","type":"Microsoft.PowerApps/apps","tags":{"primaryDeviceWidth":"640","primaryDeviceHeight":"1136","sienaVersion":"20200728T145520Z-3.20074.11.0","deviceCapabilities":"","supportsPortrait":"true","supportsLandscape":"false","primaryFormFactor":"Phone","publisherVersion":"3.20074.11","minimumRequiredApiVersion":"2.2.0","hasComponent":"false","hasUnlockedComponent":"false","isUnifiedRootApp":"false"},"properties":{"appVersion":"2020-07-28T14:55:20Z","lifeCycleId":"Published","createdByClientVersion":{"major":3,"minor":20074,"build":11,"revision":0,"majorRevision":0,"minorRevision":0},"minClientVersion":{"major":3,"minor":20074,"build":11,"revision":0,"majorRevision":0,"minorRevision":0},"backgroundColor":"rgba(0, 176, 240, 1)","backgroundImageUri":"/17185775542078229414/Nd4fa65c1-cc39-4ebb-9125-75a89987835f-logoSmallFile","displayName":"FHIRWorkshop","description":"","commitMessage":"","appUris":{"documentUri":{"value":"/17185775542078229414/N9c5448f0-2913-4290-a2b4-13e6587c5b19-document.msapp","readonlyValue":"/17185775542078229414/N9c5448f0-2913-4290-a2b4-13e6587c5b19-document.msapp"},"imageUris":[]},"createdTime":"0001-01-01T00:00:00Z","lastModifiedTime":"0001-01-01T00:00:00Z","sharedGroupsCount":0,"sharedUsersCount":0,"icons":{"smallIconUri":"/17185775542078229414/N4df31e12-3838-49f2-8987-a51a4c650683-small.png","mediumIconUri":"/17185775542078229414/N455ff5f9-2316-4eca-bc81-1b73b5a72c1d-medium.png","largeIconUri":"/17185775542078229414/N0fda9131-28b2-4ec9-8654-e733778d0226-large.png","wideIconUri":"/17185775542078229414/Nf001c432-be14-46fe-90d5-805ab968af1c-wide.png"},"connectionReferences":{},"authorizationReferences":[{"resourceId":"powerbi"}],"databaseReferences":{},"almMode":"Environment","performanceOptimizationEnabled":true,"canConsumeAppPass":true},"isAppComponentLibrary":false,"appType":"ClassicCanvasApp","appComponents":[]}}